Workbook

Sheet Summary
A1: TaxTrack Infra Cost Estimate
A3: Generated on | B3: 2026-04-15
A4: Deployed stage | B4: dev
A5: Infra profile | B5: full
A6: AWS region | B6: ap-southeast-1
A7: Monthly hours assumption | B7: 730
A9: Fixed monthly baseline (low) | B9: =SUM('Line Items'!H2:H11)
A10: Fixed monthly baseline (high) | B10: =SUM('Line Items'!I2:I11)
A11: Planning budget | B11: $340-$350 / month
A12: Scope covered | B12: Fixed AWS baseline only; variable usage excluded
A14: Notes
A15: Low vs high only changes the public IPv4 assumption (3 vs 5 billed addresses).
A16: CloudFront, S3, Lambda SSR, SQS, and third-party AI/API charges are excluded.
A17: EC2 root volumes that are not explicitly sized in code may add about $2-$3/month.

Sheet Line Items
A1: Resource | B1: Config | C1: Unit price (USD) | D1: Billing unit | E1: Qty low | F1: Qty high | G1: Monthly cost low | H1: Monthly cost high | I1: Notes
A2: RDS PostgreSQL | B2: db.t4g.micro | C2: 0.025 | D2: hour | E2: 1 | F2: 1 | G2: =C2*E2*Summary!$B$7 | H2: =C2*F2*Summary!$B$7 | I2: Single-AZ PostgreSQL instance from SST Postgres config
A3: RDS storage | B3: 20 GB gp3 | C3: 0.138 | D3: GB-month | E3: 20 | F3: 20 | G3: =C3*E3 | H3: =C3*F3 | I3: 20 GB provisioned storage
A4: Worker EC2 | B4: t3.medium | C4: 0.0528 | D4: hour | E4: 1 | F4: 1 | G4: =C4*E4*Summary!$B$7 | H4: =C4*F4*Summary!$B$7 | I4: Async worker instance
A5: ElectricSQL EC2 | B5: t3.small | C5: 0.0264 | D5: hour | E5: 1 | F5: 1 | G5: =C5*E5*Summary!$B$7 | H5: =C5*F5*Summary!$B$7 | I5: ElectricSQL host instance
A6: ElectricSQL ALB | B6: public ALB | C6: 0.0252 | D6: hour | E6: 1 | F6: 1 | G6: =C6*E6*Summary!$B$7 | H6: =C6*F6*Summary!$B$7 | I6: ALB hourly charge only; assumes negligible LCU usage
A7: Langfuse EC2 | B7: t3.xlarge | C7: 0.2112 | D7: hour | E7: 1 | F7: 1 | G7: =C7*E7*Summary!$B$7 | H7: =C7*F7*Summary!$B$7 | I7: Langfuse host instance
A8: Langfuse EBS | B8: 100 GB gp3 | C8: 0.096 | D8: GB-month | E8: 100 | F8: 100 | G8: =C8*E8 | H8: =C8*F8 | I8: Explicit root block device in code
A9: NAT instance | B9: t3.micro | C9: 0.0132 | D9: hour | E9: 1 | F9: 1 | G9: =C9*E9*Summary!$B$7 | H9: =C9*F9*Summary!$B$7 | I9: Used in full/app scopes for private subnet egress
A10: SSM interface endpoints | B10: 6 endpoints total | C10: 0.013 | D10: hour | E10: 6 | F10: 6 | G10: =C10*E10*Summary!$B$7 | H10: =C10*F10*Summary!$B$7 | I10: 3 services x 2 AZs: ssm, ssmmessages, ec2messages
A11: Public IPv4 addresses | B11: 3-5 addresses | C11: 0.005 | D11: hour | E11: 3 | F11: 5 | G11: =C11*E11*Summary!$B$7 | H11: =C11*F11*Summary!$B$7 | I11: Low=3, High=5 billed public IPv4 addresses
A12: CloudWatch alarm | B12: 1 standard alarm | C12: 0.1 | D12: month | E12: 1 | F12: 1 | G12: =C12*E12 | H12: =C12*F12 | I12: Langfuse EC2 status alarm

Sheet Excluded Notes
A1: Excluded or Variable Charges
A3: Item | B3: Included in workbook? | C3: Reason / treatment
A4: CloudFront | B4: No | C4: Usage-based. Two distributions exist in the deployed stack, but transfer/request volume is not defined by Pulumi.
A5: S3 | B5: No | C5: Buckets are provisioned, but storage volume, PUT/GET counts, and transfer are workload dependent.
A6: TanStack Start Lambda / SSR | B6: No | C6: Invocation and duration depend on real web traffic.
A7: SQS | B7: No | C7: Queue cost depends on request volume and polling behavior.
A8: ALB LCU usage | B8: No | C8: Workbook includes ALB hourly baseline only and assumes negligible LCU usage.
A9: Third-party AI / API costs | B9: No | C9: Azure OpenAI, Mistral, and Langfuse SaaS/API costs are not AWS infra charges in this stack.
A10: Implicit EC2 root volumes | B10: No | C10: Not explicitly sized in code for every EC2 instance; expect about $2-$3/month extra in practice.

Sheet Sources
A1: Pricing Sources
A3: Service | B3: URL
A4: Amazon EC2 On-Demand Pricing | B4: https://aws.amazon.com/ec2/pricing/on-demand/
A5: Amazon RDS for PostgreSQL Pricing | B5: https://aws.amazon.com/rds/postgresql/pricing/
A6: Elastic Load Balancing Pricing | B6: https://aws.amazon.com/elasticloadbalancing/pricing/
A7: AWS PrivateLink Pricing | B7: https://aws.amazon.com/privatelink/pricing/
A8: Amazon VPC Pricing | B8: https://aws.amazon.com/vpc/pricing/
A9: Amazon EBS Pricing | B9: https://aws.amazon.com/ebs/pricing/
